<?xml version="1.0" encoding="UTF-8"?>  
<!DOCTYPE hibernate-configuration PUBLIC
        "-//Hibernate/Hibernate Configuration DTD 3.0//EN"
        "http://www.hibernate.org/dtd/hibernate-configuration-3.0.dtd">
<hibernate-configuration>
	<session-factory>
		<property name="hbm2ddl.auto">update</property>
		<property name="hibernate.connection.driver_class">com.mysql.cj.jdbc.Driver</property>
		<property name="hibernate.connection.url">jdbc:mysql://localhost:3306/citius</property>
		<property name="hibernate.connection.username">root</property>
		<property name="hibernate.connection.password">root</property>
		<property name="hibernate.connection.pool_size">5</property>
		<property name="hibernate.current_session_context_class">thread</property>
		<property name="hibernate.show_sql">true</property>
		<property name="hibernate.dialect">org.hibernate.dialect.MySQL8Dialect</property>

		<property name="hibernate.cache.use_second_level_cache">true</property>
		<property name="hibernate.cache.region.factory_class">org.hibernate.cache.ehcache.SingletonEhCacheRegionFactory</property>
		<property name="hibernate.cache.region.provider_class">net.sf.ehcache.hibernate.EhCacheProvider</property>
		<property name="hibernate.cache.use_query_cache">true</property>

		<mapping class="com.projecty.model.Product"></mapping>

	</session-factory>
</hibernate-configuration>